<?xml version="1.0" encoding="UTF-8"?>
<project-private xmlns="http://www.netbeans.org/ns/project-private/1">
    <editor-bookmarks xmlns="http://www.netbeans.org/ns/editor-bookmarks/2" lastBookmarkId="0"/>
    <open-files xmlns="http://www.netbeans.org/ns/projectui-open-files/2">
        <group>
            <file>file:/E:/FH_Unterlagen/3_1_Semester/Software%20Engineering/Party_Planer/PaPla/public_html/Party_Kommentare.html</file>
            <file>file:/E:/FH_Unterlagen/3_1_Semester/Software%20Engineering/Party_Planer/PaPla/public_html/Home.html</file>
        </group>
    </open-files>
</project-private>
